Project Name,"Mark II Auto"
Total Size,49800
Total Effort,216.167519

Overall,Schedule (%),Schedule (Months),Effort (%),Effort,Staff
Plans And Requirements,20.370833%,4.130457,7.000000%,15.131726,3.663451
Product Design,26.185417%,5.309441,17.000000%,36.748478,6.921346
Programming,47.258333%,9.582255,57.443750%,124.174729,12.958821
Integration and Test,26.556250%,5.384633,25.556250%,55.244312,10.259625

EFFORT,Plans and Requirements,Product Design,Programming,Integration and Test,PERSONNEL,Plans and Requirements,Product Design,Programming,Integration and Test,EFFORT (%),Plans and Requirements,Product Design,Programming,Integration and Test
Requirements Analysis,6.932537,4.593560,4.966989,1.381108,Requirements Analysis,1.678395,0.865168,0.518353,0.256491,Requirements Analysis,45.814583%,12.500000%,4.000000%,2.500000%
Product Design,2.586422,15.066876,9.933978,2.762216,Product Design,0.626183,2.837752,1.036706,0.512981,Product Design,17.092708%,41.000000%,8.000000%,5.000000%
Programming,0.708984,4.811371,70.158722,20.645260,Programming,0.171648,0.906192,7.321734,3.834107,Programming,4.685417%,13.092708%,56.500000%,37.370833%
Test Planning,0.543639,2.055235,6.323857,1.657329,Test Planning,0.131617,0.387091,0.659955,0.307789,Test Planning,3.592708%,5.592708%,5.092708%,3.000000%
Verification and Validation,1.073249,2.606462,10.049099,16.194640,Verification and Validation,0.259838,0.490911,1.048720,3.007566,Verification and Validation,7.092708%,7.092708%,8.092708%,29.314583%
Project Office,2.014726,3.974195,7.956237,4.092107,Project Office,0.487773,0.748515,0.830309,0.759960,Project Office,13.314583%,10.814583%,6.407292%,7.407292%
CM/QA,0.453952,0.918712,8.071357,4.419545,CM/QA,0.109904,0.173034,0.842323,0.820770,CM/QA,3.000000%,2.500000%,6.500000%,8.000000%
Manuals,0.818217,2.722067,6.714490,4.092107,Manuals,0.198093,0.512684,0.700721,0.759960,Manuals,5.407292%,7.407292%,5.407292%,7.407292%


Module Name,"DBR"
Total Size,9300
Total Effort,40.368633

Overall,Schedule (%),Schedule (Months),Effort (%),Effort,Staff
Plans And Requirements,20.370833%,4.130457,7.000000%,2.825804,0.684138
Product Design,26.185417%,5.309441,17.000000%,6.862668,1.292540
Programming,47.258333%,9.582255,57.443750%,23.189257,2.420021
Integration and Test,26.556250%,5.384633,25.556250%,10.316709,1.915954

EFFORT,Plans and Requirements,Product Design,Programming,Integration and Test,PERSONNEL,Plans and Requirements,Product Design,Programming,Integration and Test,EFFORT (%),Plans and Requirements,Product Design,Programming,Integration and Test
Requirements Analysis,1.294630,0.857833,0.927570,0.257918,Requirements Analysis,0.313435,0.161568,0.096801,0.047899,Requirements Analysis,45.814583%,12.500000%,4.000000%,2.500000%
Product Design,0.483006,2.813694,1.855141,0.515835,Product Design,0.116938,0.529942,0.193602,0.095798,Product Design,17.092708%,41.000000%,8.000000%,5.000000%
Programming,0.132401,0.898509,13.101930,3.855440,Programming,0.032055,0.169229,1.367312,0.716008,Programming,4.685417%,13.092708%,56.500000%,37.370833%
Test Planning,0.101523,0.383809,1.180961,0.309501,Test Planning,0.024579,0.072288,0.123245,0.057479,Test Planning,3.592708%,5.592708%,5.092708%,3.000000%
Verification and Validation,0.200426,0.486749,1.876639,3.024300,Verification and Validation,0.048524,0.091676,0.195845,0.561654,Verification and Validation,7.092708%,7.092708%,8.092708%,29.314583%
Project Office,0.376244,0.742169,1.485803,0.764189,Project Office,0.091090,0.139783,0.155058,0.141920,Project Office,13.314583%,10.814583%,6.407292%,7.407292%
CM/QA,0.084774,0.171567,1.507302,0.825337,CM/QA,0.020524,0.032314,0.157301,0.153276,CM/QA,3.000000%,2.500000%,6.500000%,8.000000%
Manuals,0.152799,0.508338,1.253911,0.764189,Manuals,0.036993,0.095742,0.130858,0.141920,Manuals,5.407292%,7.407292%,5.407292%,7.407292%


Module Name,"AIDA_New"
Total Size,6290
Total Effort,27.303086

Overall,Schedule (%),Schedule (Months),Effort (%),Effort,Staff
Plans And Requirements,20.370833%,4.130457,7.000000%,1.911216,0.462713
Product Design,26.185417%,5.309441,17.000000%,4.641525,0.874202
Programming,47.258333%,9.582255,57.443750%,15.683917,1.636767
Integration and Test,26.556250%,5.384633,25.556250%,6.977645,1.295844

EFFORT,Plans and Requirements,Product Design,Programming,Integration and Test,PERSONNEL,Plans and Requirements,Product Design,Programming,Integration and Test,EFFORT (%),Plans and Requirements,Product Design,Programming,Integration and Test
Requirements Analysis,0.875616,0.580191,0.627357,0.174441,Requirements Analysis,0.211990,0.109275,0.065471,0.032396,Requirements Analysis,45.814583%,12.500000%,4.000000%,2.500000%
Product Design,0.326679,1.903025,1.254713,0.348882,Product Design,0.079090,0.358423,0.130941,0.064792,Product Design,17.092708%,41.000000%,8.000000%,5.000000%
Programming,0.089548,0.607701,8.861413,2.607604,Programming,0.021680,0.114457,0.924773,0.484268,Programming,4.685417%,13.092708%,56.500000%,37.370833%
Test Planning,0.068664,0.259587,0.798736,0.209329,Test Planning,0.016624,0.048892,0.083356,0.038875,Test Planning,3.592708%,5.592708%,5.092708%,3.000000%
Verification and Validation,0.135557,0.329210,1.269254,2.045468,Verification and Validation,0.032819,0.062005,0.132459,0.379871,Verification and Validation,7.092708%,7.092708%,8.092708%,29.314583%
Project Office,0.254470,0.501962,1.004914,0.516855,Project Office,0.061608,0.094541,0.104872,0.095987,Project Office,13.314583%,10.814583%,6.407292%,7.407292%
CM/QA,0.057336,0.116038,1.019455,0.558212,CM/QA,0.013881,0.021855,0.106390,0.103668,CM/QA,3.000000%,2.500000%,6.500000%,8.000000%
Manuals,0.103345,0.343811,0.848075,0.516855,Manuals,0.025020,0.064755,0.088505,0.095987,Manuals,5.407292%,7.407292%,5.407292%,7.407292%


Module Name,"AIDA_Old"
Total Size,34210
Total Effort,148.495800

Overall,Schedule (%),Schedule (Months),Effort (%),Effort,Staff
Plans And Requirements,20.370833%,4.130457,7.000000%,10.394706,2.516599
Product Design,26.185417%,5.309441,17.000000%,25.244286,4.754603
Programming,47.258333%,9.582255,57.443750%,85.301556,8.902033
Integration and Test,26.556250%,5.384633,25.556250%,37.949958,7.047827

EFFORT,Plans and Requirements,Product Design,Programming,Integration and Test,PERSONNEL,Plans and Requirements,Product Design,Programming,Integration and Test,EFFORT (%),Plans and Requirements,Product Design,Programming,Integration and Test
Requirements Analysis,4.762291,3.155536,3.412062,0.948749,Requirements Analysis,1.152970,0.594325,0.356081,0.176196,Requirements Analysis,45.814583%,12.500000%,4.000000%,2.500000%
Product Design,1.776737,10.350157,6.824124,1.897498,Product Design,0.430155,1.949387,0.712163,0.352391,Product Design,17.092708%,41.000000%,8.000000%,5.000000%
Programming,0.487035,3.305161,48.195379,14.182216,Programming,0.117913,0.622506,5.029649,2.633832,Programming,4.685417%,13.092708%,56.500000%,37.370833%
Test Planning,0.373451,1.411839,4.344159,1.138499,Test Planning,0.090414,0.265911,0.453355,0.211435,Test Planning,3.592708%,5.592708%,5.092708%,3.000000%
Verification and Validation,0.737266,1.790504,6.903206,11.124872,Verification and Validation,0.178495,0.337230,0.720416,2.066041,Verification and Validation,7.092708%,7.092708%,8.092708%,29.314583%
Project Office,1.384012,2.730064,5.465519,2.811064,Project Office,0.335075,0.514191,0.570379,0.522053,Project Office,13.314583%,10.814583%,6.407292%,7.407292%
CM/QA,0.311841,0.631107,5.544601,3.035997,CM/QA,0.075498,0.118865,0.578632,0.563826,CM/QA,3.000000%,2.500000%,6.500000%,8.000000%
Manuals,0.562072,1.869918,4.612504,2.811064,Manuals,0.136080,0.352187,0.481359,0.522053,Manuals,5.407292%,7.407292%,5.407292%,7.407292%
